Columbia,URBAN RESEARCH DOORS MENS,FREAK'S STORE,,,,
Demi-Luxe BEAMS,TODAYFUL,,,,,
JOURNAL STANDARD,LOWRYS FARM,CONVERSE,,,,
MURUA,MURUA,,,,,
MURUA,,,,,,
MURUA,MURUA,,,,,
JACKROSE,Luv maison,,,,,
DouDou,DouDou,DouDou,DouDou,,,
un dix cors,un dix cors,,,,,
un dix cors,un dix cors,un dix cors,un dix cors,,,
ANAP,INGNI,,,,,
Discoat Parisien,Discoat Parisien,VANS,,,,
Discoat Parisien,BIRKENSTOCK,,,,,
Discoat Parisien,JEANASIS,haco!,,,,
HARE,HARE,HARE,HARE,HARE,HARE,HARE
JOURNAL STANDARD LUXE,,,,,,
Ungrid,merlot,FREAK'S STORE,,,,
HYSTERIC GLAMOUR,HYSTERIC GLAMOUR,HYSTERIC GLAMOUR,HYSTERIC GLAMOUR,,,
Deuxieme Classe,,,,,,
laboratory work,laboratory work,laboratory work,,,,
Swingle,,,,,,
Swingle,Swingle,,,,,
Swingle,Swingle,,,,,
N.（N. Natural Beauty Basic）,N.（N. Natural Beauty Basic）,N.（N. Natural Beauty Basic）,N.（N. Natural Beauty Basic）,N.（N. Natural Beauty Basic）,,
apart by lowrys,apart by lowrys,apart by lowrys,apart by lowrys,,,
SHIPS for women,apart by lowrys,,,,,
apart by lowrys,apart by lowrys,apart by lowrys,apart by lowrys,apart by lowrys,apart by lowrys,
Dot＆Stripes CHILD WOMAN,Dot＆Stripes CHILD WOMAN,,,,,
Kastane,Kastane,Kastane,,,,
un dix cors,un dix cors,,,,,
un dix cors,,,,,,
un dix cors,un dix cors,un dix cors,un dix cors,,,
jouetie,603,,,,,
jouetie,,,,,,
jouetie,JOURNAL STANDARD LUXE,,,,,
Jieda,adidas,,,,,
Q,Q,Q,Q,,,
Q,,,,,,
harmonie,The Dayz tokyo,Khaju,,,,
harmonie,AZUL by moussy,,,,,
RIM.ARK,RIM.ARK,,,,,
Loungedress,Loungedress,,,,,
GRACE CONTINENTAL,GRACE CONTINENTAL,,,,,
MYne,MYne,MYne,,,,
MYne,MYne,MYne,,,,
MYne,,,,,,
MYne,MYne,,,,,
MYne,MYne,MYne,,,,
MYne,MYne,MYne,,,,
TAKAHIRO MIYASHITA The SoloIst.,TAKAHIRO MIYASHITA The SoloIst.,,,,,
TAKAHIRO MIYASHITA The SoloIst.,TAKAHIRO MIYASHITA The SoloIst.,,,,,
fifth,Ray Cassin,,,,,
AZUL by moussy,FILA,,,,,
IENA,ROPE' PICNIC,SMIRNASLI,,,,
dazzlin,SMIRNASLI,,,,,
SPINNS,BAYFLOW,HARE,,,,
CONVERSE,BAYFLOW,,,,,
Saturdays NYC,BAYFLOW,VANQUISH,,,,
BAYFLOW,BAYFLOW,,,,,
BAYFLOW,,,,,,
SEVENDAYS=SUNDAY,BAYFLOW,,,,,
BAYFLOW,,,,,,
BLISS POINT,CONVERSE,BAYFLOW,,,,
AKM,VANS,BAYFLOW,,,,
NIKE,STUDIOUS,BAYFLOW,,,,
RODEO CROWNS WIDE BOWL,,,,,,
via j,CANAL JEAN,,,,,
YANUK,via j,via j,CANAL JEAN,,,
via j,via j,,,,,
via j,via j,CANAL JEAN,,,,
LBC,LBC,LBC,LBC,,,
LBC,LBC,LBC,,,,
LBC,LBC,LBC,,,,
MR.OLIVE,SENSE OF PLACE by URBAN RESEARCH,SENSE OF PLACE by URBAN RESEARCH,FREAK'S STORE,,,
SENSE OF PLACE by URBAN RESEARCH,SENSE OF PLACE by URBAN RESEARCH,CONVERSE,,,,
SENSE OF PLACE by URBAN RESEARCH,SENSE OF PLACE by URBAN RESEARCH,SENSE OF PLACE by URBAN RESEARCH,,,,
muller of yoshiokubo,muller of yoshiokubo,,,,,
Guess,Steven Alan,,,,,
Settimissimo,Settimissimo,,,,,
WILLSELECTION,WILLSELECTION,,,,,
WILLSELECTION,WILLSELECTION,,,,,
WILLSELECTION,,,,,,
WILLSELECTION,WILLSELECTION,,,,,
WILLSELECTION,WILLSELECTION,,,,,
WILLSELECTION,,,,,,
WILLSELECTION,,,,,,
WILLSELECTION,WILLSELECTION,,,,,
Champion,JOURNAL STANDARD relume,,,,,
Champion,,,,,,
STUDIOUS,L.H.P,REN,,,,
XLARGE,BEAMS,REN,,,,
SEVENDAYS=SUNDAY,STUSSY,REN,,,,
LOWRYS FARM,ViS,ikka,snidel,,,
ViS,ViS,ViS,Juze,,,
ROPE' PICNIC,ViS,PLAIN CLOTHING,Miminy Piminy,,,
ViS,select MOCA,PLAIN CLOTHING,,,,
MIIA,MIIA,,,,,
JAM HOME MADE,JAM HOME MADE,JAM HOME MADE,JAM HOME MADE,JAM HOME MADE,JAM HOME MADE,WEGO
merlot,RUSSELL,Wrangler,napron,adidas originals,,
merlot,merlot,SHIPS for women,,,,
mystic,,,,,,
FRAMeWORK,mystic,,,,,
mystic,mystic,,,,,
merlot,marimekko,Bou Jeloud,,,,
ikka,merlot,marimekko,Bou Jeloud,,,
via j,Dot＆Stripes CHILD WOMAN,marimekko,Bou Jeloud,,,
HYSTERIC GLAMOUR,HYSTERIC GLAMOUR,HYSTERIC GLAMOUR,HYSTERIC GLAMOUR,,,
MILKFED.,MILKFED.,,,,,
MILKFED.,MILKFED.,VANS,,,,
MILKFED.,MILKFED.,MILKFED.,CONVERSE,,,
MILKFED.,MILKFED.,MILKFED.,VANS,,,
MILKFED.,MILKFED.,,,,,
MILKFED.,MILKFED.,MILKFED.,Teva,,,
MILKFED.,MILKFED.,MILKFED.,,,,
ikka,ikka,ikka,,,,
ikka,PAGEBOY,SLOBE IENA,United Athle,,,
ikka,merlot,marimekko,Bou Jeloud,,,
ikka,select MOCA,SLOBE IENA,,,,
ikka,r.p.s,LIBERTY,ViS,adidas,,
ROPE' PICNIC,HONEYS,ikka,PLAIN CLOTHING,,,
Columbia,URBAN RESEARCH DOORS MENS,FREAK'S STORE,,,,
Demi-Luxe BEAMS,TODAYFUL,,,,,
JOURNAL STANDARD,LOWRYS FARM,CONVERSE,,,,
MURUA,MURUA,,,,,
MURUA,,,,,,
MURUA,MURUA,,,,,
JACKROSE,Luv maison,,,,,
DouDou,DouDou,DouDou,DouDou,,,
un dix cors,un dix cors,,,,,
un dix cors,un dix cors,un dix cors,un dix cors,,,
ANAP,INGNI,,,,,
Discoat Parisien,Discoat Parisien,VANS,,,,
Discoat Parisien,BIRKENSTOCK,,,,,
Discoat Parisien,JEANASIS,haco!,,,,
HARE,HARE,HARE,HARE,HARE,HARE,HARE
JOURNAL STANDARD LUXE,,,,,,
Ungrid,merlot,FREAK'S STORE,,,,
HYSTERIC GLAMOUR,HYSTERIC GLAMOUR,HYSTERIC GLAMOUR,HYSTERIC GLAMOUR,,,
Deuxieme Classe,,,,,,
laboratory work,laboratory work,laboratory work,,,,
Swingle,,,,,,
Swingle,Swingle,,,,,
Swingle,Swingle,,,,,
N.（N. Natural Beauty Basic）,N.（N. Natural Beauty Basic）,N.（N. Natural Beauty Basic）,N.（N. Natural Beauty Basic）,N.（N. Natural Beauty Basic）,,
apart by lowrys,apart by lowrys,apart by lowrys,apart by lowrys,,,
SHIPS for women,apart by lowrys,,,,,
apart by lowrys,apart by lowrys,apart by lowrys,apart by lowrys,apart by lowrys,apart by lowrys,
Dot＆Stripes CHILD WOMAN,Dot＆Stripes CHILD WOMAN,,,,,
Kastane,Kastane,Kastane,,,,
un dix cors,un dix cors,,,,,
un dix cors,,,,,,
un dix cors,un dix cors,un dix cors,un dix cors,,,
jouetie,603,,,,,
jouetie,,,,,,
jouetie,JOURNAL STANDARD LUXE,,,,,
Jieda,adidas,,,,,
Q,Q,Q,Q,,,
Q,,,,,,
harmonie,The Dayz tokyo,Khaju,,,,
harmonie,AZUL by moussy,,,,,
RIM.ARK,RIM.ARK,,,,,
Loungedress,Loungedress,,,,,
GRACE CONTINENTAL,GRACE CONTINENTAL,,,,,
MYne,MYne,MYne,,,,
MYne,MYne,MYne,,,,
MYne,,,,,,
MYne,MYne,,,,,
MYne,MYne,MYne,,,,
MYne,MYne,MYne,,,,
TAKAHIRO MIYASHITA The SoloIst.,TAKAHIRO MIYASHITA The SoloIst.,,,,,
TAKAHIRO MIYASHITA The SoloIst.,TAKAHIRO MIYASHITA The SoloIst.,,,,,
fifth,Ray Cassin,,,,,
AZUL by moussy,FILA,,,,,
IENA,ROPE' PICNIC,SMIRNASLI,,,,
dazzlin,SMIRNASLI,,,,,
SPINNS,BAYFLOW,HARE,,,,
CONVERSE,BAYFLOW,,,,,
Saturdays NYC,BAYFLOW,VANQUISH,,,,
BAYFLOW,BAYFLOW,,,,,
BAYFLOW,,,,,,
SEVENDAYS=SUNDAY,BAYFLOW,,,,,
BAYFLOW,,,,,,
BLISS POINT,CONVERSE,BAYFLOW,,,,
AKM,VANS,BAYFLOW,,,,
NIKE,STUDIOUS,BAYFLOW,,,,
RODEO CROWNS WIDE BOWL,,,,,,
via j,CANAL JEAN,,,,,
YANUK,via j,via j,CANAL JEAN,,,
via j,via j,,,,,
via j,via j,CANAL JEAN,,,,
LBC,LBC,LBC,LBC,,,
LBC,LBC,LBC,,,,
LBC,LBC,LBC,,,,
MR.OLIVE,SENSE OF PLACE by URBAN RESEARCH,SENSE OF PLACE by URBAN RESEARCH,FREAK'S STORE,,,
SENSE OF PLACE by URBAN RESEARCH,SENSE OF PLACE by URBAN RESEARCH,CONVERSE,,,,
SENSE OF PLACE by URBAN RESEARCH,SENSE OF PLACE by URBAN RESEARCH,SENSE OF PLACE by URBAN RESEARCH,,,,
muller of yoshiokubo,muller of yoshiokubo,,,,,
Guess,Steven Alan,,,,,
Settimissimo,Settimissimo,,,,,
WILLSELECTION,WILLSELECTION,,,,,
WILLSELECTION,WILLSELECTION,,,,,
WILLSELECTION,,,,,,
WILLSELECTION,WILLSELECTION,,,,,
WILLSELECTION,WILLSELECTION,,,,,
WILLSELECTION,,,,,,
WILLSELECTION,,,,,,
WILLSELECTION,WILLSELECTION,,,,,
Champion,JOURNAL STANDARD relume,,,,,
Champion,,,,,,
STUDIOUS,L.H.P,REN,,,,
XLARGE,BEAMS,REN,,,,
SEVENDAYS=SUNDAY,STUSSY,REN,,,,
LOWRYS FARM,ViS,ikka,snidel,,,
ViS,ViS,ViS,Juze,,,
ROPE' PICNIC,ViS,PLAIN CLOTHING,Miminy Piminy,,,
ViS,select MOCA,PLAIN CLOTHING,,,,
MIIA,MIIA,,,,,
JAM HOME MADE,JAM HOME MADE,JAM HOME MADE,JAM HOME MADE,JAM HOME MADE,JAM HOME MADE,WEGO
merlot,RUSSELL,Wrangler,napron,adidas originals,,
merlot,merlot,SHIPS for women,,,,
mystic,,,,,,
FRAMeWORK,mystic,,,,,
mystic,mystic,,,,,
merlot,marimekko,Bou Jeloud,,,,
ikka,merlot,marimekko,Bou Jeloud,,,
via j,Dot＆Stripes CHILD WOMAN,marimekko,Bou Jeloud,,,
HYSTERIC GLAMOUR,HYSTERIC GLAMOUR,HYSTERIC GLAMOUR,HYSTERIC GLAMOUR,,,
MILKFED.,MILKFED.,,,,,
MILKFED.,MILKFED.,VANS,,,,
MILKFED.,MILKFED.,MILKFED.,CONVERSE,,,
MILKFED.,MILKFED.,MILKFED.,VANS,,,
MILKFED.,MILKFED.,,,,,
MILKFED.,MILKFED.,MILKFED.,Teva,,,
MILKFED.,MILKFED.,MILKFED.,,,,
ikka,ikka,ikka,,,,
ikka,PAGEBOY,SLOBE IENA,United Athle,,,
ikka,merlot,marimekko,Bou Jeloud,,,
ikka,select MOCA,SLOBE IENA,,,,
ikka,r.p.s,LIBERTY,ViS,adidas,,
ROPE' PICNIC,HONEYS,ikka,PLAIN CLOTHING,,,
Columbia,URBAN RESEARCH DOORS MENS,FREAK'S STORE,,,,
Demi-Luxe BEAMS,TODAYFUL,,,,,
JOURNAL STANDARD,LOWRYS FARM,CONVERSE,,,,
MURUA,MURUA,,,,,
MURUA,,,,,,
MURUA,MURUA,,,,,
JACKROSE,Luv maison,,,,,
DouDou,DouDou,DouDou,DouDou,,,
un dix cors,un dix cors,,,,,
un dix cors,un dix cors,un dix cors,un dix cors,,,
ANAP,INGNI,,,,,
Discoat Parisien,Discoat Parisien,VANS,,,,
Discoat Parisien,BIRKENSTOCK,,,,,
Discoat Parisien,JEANASIS,haco!,,,,
HARE,HARE,HARE,HARE,HARE,HARE,HARE
JOURNAL STANDARD LUXE,,,,,,
Ungrid,merlot,FREAK'S STORE,,,,
HYSTERIC GLAMOUR,HYSTERIC GLAMOUR,HYSTERIC GLAMOUR,HYSTERIC GLAMOUR,,,
Deuxieme Classe,,,,,,
laboratory work,laboratory work,laboratory work,,,,
Swingle,,,,,,
Swingle,Swingle,,,,,
Swingle,Swingle,,,,,
N.（N. Natural Beauty Basic）,N.（N. Natural Beauty Basic）,N.（N. Natural Beauty Basic）,N.（N. Natural Beauty Basic）,N.（N. Natural Beauty Basic）,,
apart by lowrys,apart by lowrys,apart by lowrys,apart by lowrys,,,
SHIPS for women,apart by lowrys,,,,,
apart by lowrys,apart by lowrys,apart by lowrys,apart by lowrys,apart by lowrys,apart by lowrys,
Dot＆Stripes CHILD WOMAN,Dot＆Stripes CHILD WOMAN,,,,,
Kastane,Kastane,Kastane,,,,
un dix cors,un dix cors,,,,,
un dix cors,,,,,,
un dix cors,un dix cors,un dix cors,un dix cors,,,
jouetie,603,,,,,
jouetie,,,,,,
jouetie,JOURNAL STANDARD LUXE,,,,,
Jieda,adidas,,,,,
Q,Q,Q,Q,,,
Q,,,,,,
harmonie,The Dayz tokyo,Khaju,,,,
harmonie,AZUL by moussy,,,,,
RIM.ARK,RIM.ARK,,,,,
Loungedress,Loungedress,,,,,
GRACE CONTINENTAL,GRACE CONTINENTAL,,,,,
MYne,MYne,MYne,,,,
MYne,MYne,MYne,,,,
MYne,,,,,,
MYne,MYne,,,,,
MYne,MYne,MYne,,,,
MYne,MYne,MYne,,,,
TAKAHIRO MIYASHITA The SoloIst.,TAKAHIRO MIYASHITA The SoloIst.,,,,,
TAKAHIRO MIYASHITA The SoloIst.,TAKAHIRO MIYASHITA The SoloIst.,,,,,
fifth,Ray Cassin,,,,,
AZUL by moussy,FILA,,,,,
IENA,ROPE' PICNIC,SMIRNASLI,,,,
dazzlin,SMIRNASLI,,,,,
SPINNS,BAYFLOW,HARE,,,,
CONVERSE,BAYFLOW,,,,,
Saturdays NYC,BAYFLOW,VANQUISH,,,,
BAYFLOW,BAYFLOW,,,,,
BAYFLOW,,,,,,
SEVENDAYS=SUNDAY,BAYFLOW,,,,,
BAYFLOW,,,,,,
BLISS POINT,CONVERSE,BAYFLOW,,,,
AKM,VANS,BAYFLOW,,,,
NIKE,STUDIOUS,BAYFLOW,,,,
RODEO CROWNS WIDE BOWL,,,,,,
via j,CANAL JEAN,,,,,
YANUK,via j,via j,CANAL JEAN,,,
via j,via j,,,,,
via j,via j,CANAL JEAN,,,,
LBC,LBC,LBC,LBC,,,
LBC,LBC,LBC,,,,
LBC,LBC,LBC,,,,
MR.OLIVE,SENSE OF PLACE by URBAN RESEARCH,SENSE OF PLACE by URBAN RESEARCH,FREAK'S STORE,,,
SENSE OF PLACE by URBAN RESEARCH,SENSE OF PLACE by URBAN RESEARCH,CONVERSE,,,,
SENSE OF PLACE by URBAN RESEARCH,SENSE OF PLACE by URBAN RESEARCH,SENSE OF PLACE by URBAN RESEARCH,,,,
muller of yoshiokubo,muller of yoshiokubo,,,,,
Guess,Steven Alan,,,,,
Settimissimo,Settimissimo,,,,,
WILLSELECTION,WILLSELECTION,,,,,
WILLSELECTION,WILLSELECTION,,,,,
WILLSELECTION,,,,,,
WILLSELECTION,WILLSELECTION,,,,,
WILLSELECTION,WILLSELECTION,,,,,
WILLSELECTION,,,,,,
WILLSELECTION,,,,,,
WILLSELECTION,WILLSELECTION,,,,,
Champion,JOURNAL STANDARD relume,,,,,
Champion,,,,,,
STUDIOUS,L.H.P,REN,,,,
XLARGE,BEAMS,REN,,,,
SEVENDAYS=SUNDAY,STUSSY,REN,,,,
LOWRYS FARM,ViS,ikka,snidel,,,
ViS,ViS,ViS,Juze,,,
ROPE' PICNIC,ViS,PLAIN CLOTHING,Miminy Piminy,,,
ViS,select MOCA,PLAIN CLOTHING,,,,
MIIA,MIIA,,,,,
JAM HOME MADE,JAM HOME MADE,JAM HOME MADE,JAM HOME MADE,JAM HOME MADE,JAM HOME MADE,WEGO
merlot,RUSSELL,Wrangler,napron,adidas originals,,
merlot,merlot,SHIPS for women,,,,
mystic,,,,,,
FRAMeWORK,mystic,,,,,
mystic,mystic,,,,,
merlot,marimekko,Bou Jeloud,,,,
ikka,merlot,marimekko,Bou Jeloud,,,
via j,Dot＆Stripes CHILD WOMAN,marimekko,Bou Jeloud,,,
HYSTERIC GLAMOUR,HYSTERIC GLAMOUR,HYSTERIC GLAMOUR,HYSTERIC GLAMOUR,,,
MILKFED.,MILKFED.,,,,,
MILKFED.,MILKFED.,VANS,,,,
MILKFED.,MILKFED.,MILKFED.,CONVERSE,,,
MILKFED.,MILKFED.,MILKFED.,VANS,,,
MILKFED.,MILKFED.,,,,,
MILKFED.,MILKFED.,MILKFED.,Teva,,,
MILKFED.,MILKFED.,MILKFED.,,,,
ikka,ikka,ikka,,,,
ikka,PAGEBOY,SLOBE IENA,United Athle,,,
ikka,merlot,marimekko,Bou Jeloud,,,
ikka,select MOCA,SLOBE IENA,,,,
ikka,r.p.s,LIBERTY,ViS,adidas,,
ROPE' PICNIC,HONEYS,ikka,PLAIN CLOTHING,,,